pic_id,url,tag,date_taken,Owner_name
52323551041,https://live.staticflickr.com/65535/52323551041_4b5077d452_c.jpg,srilanka,2022-08-31 07:16:27,blogmywildlife
52322009719,https://live.staticflickr.com/65535/52322009719_0c1e0c27b3_c.jpg,srilanka,2022-08-28 19:57:08,Gilles Daligand
52320737584,https://live.staticflickr.com/65535/52320737584_d56473006b_c.jpg,srilanka,2020-01-15 06:39:40,blogmywildlife
52318856567,https://live.staticflickr.com/65535/52318856567_3cde395396_c.jpg,srilanka,2022-07-16 13:31:15,Bineth Shalika
52317010009,https://live.staticflickr.com/65535/52317010009_5fec18b878_c.jpg,srilanka,2022-08-28 15:04:31,Thierry Valdin
52316544790,https://live.staticflickr.com/65535/52316544790_b6fb84def6_c.jpg,srilanka,2022-08-28 09:35:03,Thierry Valdin
52316516929,https://live.staticflickr.com/65535/52316516929_eba574be4f_c.jpg,srilanka,2020-06-12 13:13:00,Thierry Valdin
52314264554,https://live.staticflickr.com/65535/52314264554_39b4237938_c.jpg,srilanka,2022-08-15 16:55:00,HISTORICAL RAILWAY IMAGES
52313999113,https://live.staticflickr.com/65535/52313999113_d1d5028997_c.jpg,srilanka,2022-08-27 02:33:55,cosmobeat
52312079122,https://live.staticflickr.com/65535/52312079122_38a4a8b1b2_c.jpg,srilanka,2016-06-08 16:29:55,chanakaniro
52313311170,https://live.staticflickr.com/65535/52313311170_45c3e50c15_c.jpg,srilanka,2016-04-13 13:22:32,chanakaniro
52313000050,https://live.staticflickr.com/65535/52313000050_8ef623cee4_c.jpg,srilanka,2022-08-20 10:34:02,Bineth Shalika
52308935673,https://live.staticflickr.com/65535/52308935673_f578f7232d_c.jpg,srilanka,2022-08-04 08:27:42,wolf2412
52307808069,https://live.staticflickr.com/65535/52307808069_96b8769584_c.jpg,srilanka,2022-07-23 09:56:16,layannimantha
52307819940,https://live.staticflickr.com/65535/52307819940_2828003cd0_c.jpg,srilanka,2022-07-31 16:58:57,layannimantha
52307819720,https://live.staticflickr.com/65535/52307819720_6c8dc335cd_c.jpg,srilanka,2022-08-21 18:11:12,layannimantha
52306568867,https://live.staticflickr.com/65535/52306568867_c3b29fe0df_c.jpg,srilanka,2022-08-21 18:11:29,layannimantha
52307290776,https://live.staticflickr.com/65535/52307290776_8236d1701a_c.jpg,srilanka,2022-08-21 18:12:37,layannimantha
52307819485,https://live.staticflickr.com/65535/52307819485_5df6328516_c.jpg,srilanka,2022-08-24 00:09:21,layannimantha
52307290536,https://live.staticflickr.com/65535/52307290536_4710d40444_c.jpg,srilanka,2022-08-21 18:16:36,layannimantha
52306845253,https://live.staticflickr.com/65535/52306845253_72e18df552_c.jpg,srilanka,2022-09-10 12:34:04,pauline25.k
52306844633,https://live.staticflickr.com/65535/52306844633_335832ca0b_c.jpg,srilanka,2022-09-10 12:52:23,pauline25.k
52306823943,https://live.staticflickr.com/65535/52306823943_1b69ffdaa3_c.jpg,srilanka,2022-09-08 09:45:13,pauline25.k
52306347031,https://live.staticflickr.com/65535/52306347031_e545974975_c.jpg,srilanka,2022-09-11 12:49:36,pauline25.k
52306261204,https://live.staticflickr.com/65535/52306261204_05e4446e0e_c.jpg,srilanka,2020-01-19 11:31:47,blogmywildlife
52303582907,No_url,srilanka,2022-08-23 03:29:41,Visit Zeloan
52304822375,https://live.staticflickr.com/65535/52304822375_c144029ed8_c.jpg,srilanka,2022-08-23 03:29:38,Visit Zeloan
52304768358,https://live.staticflickr.com/65535/52304768358_95314d08ef_c.jpg,srilanka,2022-08-23 03:29:35,Visit Zeloan
52303582522,https://live.staticflickr.com/65535/52303582522_0fc4ff09d1_c.jpg,srilanka,2022-08-23 03:29:32,Visit Zeloan
52304768113,https://live.staticflickr.com/65535/52304768113_afe195c3d2_c.jpg,srilanka,2022-08-23 03:29:29,Visit Zeloan
52303646331,https://live.staticflickr.com/65535/52303646331_4a89936773_c.jpg,srilanka,2022-07-16 18:13:53,Bineth Shalika
52301068668,https://live.staticflickr.com/65535/52301068668_3f845b1231_c.jpg,srilanka,2020-02-07 18:04:11,Travellingboots_captures
52299045367,https://live.staticflickr.com/65535/52299045367_af7710bb7f_c.jpg,srilanka,2022-08-18 07:43:01,Nazly
52300523190,https://live.staticflickr.com/65535/52300523190_9b039c1e00_c.jpg,srilanka,2022-08-19 07:54:45,Nazly
52299044572,https://live.staticflickr.com/65535/52299044572_2732020d8a_c.jpg,srilanka,2022-08-19 07:55:41,Nazly
52300522000,https://live.staticflickr.com/65535/52300522000_bd73e2ff57_c.jpg,srilanka,2022-08-19 07:59:09,Nazly
52300501030,https://live.staticflickr.com/65535/52300501030_1346b0e4fb_c.jpg,srilanka,2022-08-21 10:18:51,Visit Zeloan
52297705132,https://live.staticflickr.com/65535/52297705132_cdcce794a5_c.jpg,srilanka,2022-05-14 11:40:44,Bineth Shalika
52299056925,https://live.staticflickr.com/65535/52299056925_ff5440d86c_c.jpg,srilanka,2020-01-08 13:59:59,blogmywildlife
52296006822,https://live.staticflickr.com/65535/52296006822_144944acfc_c.jpg,srilanka,2020-01-17 14:01:15,blogmywildlife
52297363755,https://live.staticflickr.com/65535/52297363755_b38bcc8836_c.jpg,srilanka,2016-02-19 15:45:26,WanderingPJB
52297135504,https://live.staticflickr.com/65535/52297135504_fe512d5e1d_c.jpg,srilanka,2016-03-03 09:48:04,WanderingPJB
52295884727,https://live.staticflickr.com/65535/52295884727_af1a99e00a_c.jpg,srilanka,2016-03-03 10:03:03,WanderingPJB
52296084326,https://live.staticflickr.com/65535/52296084326_952f1f379d_c.jpg,srilanka,2022-07-15 18:20:57,Bineth Shalika
52294903715,https://live.staticflickr.com/65535/52294903715_d9a343a7be_c.jpg,srilanka,2014-02-21 11:23:01,Jameswoo22
52294268194,https://live.staticflickr.com/65535/52294268194_d847c11a26_c.jpg,srilanka,2022-08-17 07:49:52,Nazly
52294488310,https://live.staticflickr.com/65535/52294488310_b636baa631_c.jpg,srilanka,2022-08-17 07:50:30,Nazly
52294004208,https://live.staticflickr.com/65535/52294004208_8d8a2faf02_c.jpg,srilanka,2022-08-17 07:52:58,Nazly
52293017172,https://live.staticflickr.com/65535/52293017172_e0626e9bd5_c.jpg,srilanka,2022-08-17 07:53:01,Nazly
52293054882,https://live.staticflickr.com/65535/52293054882_a4f636364e_c.jpg,srilanka,2022-08-18 07:42:52,Nazly
52294001091,https://live.staticflickr.com/65535/52294001091_cb48cdd446_c.jpg,srilanka,2022-08-17 07:53:14,Nazly
52294000356,https://live.staticflickr.com/65535/52294000356_9aea70f1f2_c.jpg,srilanka,2022-08-17 07:54:59,Nazly
52294484485,https://live.staticflickr.com/65535/52294484485_5975a46dd7_c.jpg,srilanka,2022-08-17 07:55:15,Nazly
52293937028,https://live.staticflickr.com/65535/52293937028_91f1ea121b_c.jpg,srilanka,2020-01-29 11:57:25,Aardwolf6886
52293619610,https://live.staticflickr.com/65535/52293619610_73bc6bcfff_c.jpg,srilanka,2022-08-18 06:24:20,Visit Zeloan
52293134493,https://live.staticflickr.com/65535/52293134493_20f78a1082_c.jpg,srilanka,2022-08-18 06:24:16,Visit Zeloan
52293134448,No_url,srilanka,2022-08-18 06:24:13,Visit Zeloan
52292150502,https://live.staticflickr.com/65535/52292150502_64b4070d7e_c.jpg,srilanka,2014-02-25 20:17:09,Visit Zeloan
52292149957,No_url,srilanka,2022-08-18 06:23:28,Visit Zeloan
52292395010,https://live.staticflickr.com/65535/52292395010_4b03d735f2_c.jpg,srilanka,2022-08-17 06:03:40,suganth.balasuriyan
52289073667,https://live.staticflickr.com/65535/52289073667_b9cc263e46_c.jpg,srilanka,2022-08-15 07:27:28,Nazly
52290003905,https://live.staticflickr.com/65535/52290003905_e6b2b18222_c.jpg,srilanka,2020-01-30 04:16:49,Aardwolf6886
52286916972,https://live.staticflickr.com/65535/52286916972_36fb2b0485_c.jpg,srilanka,2022-08-14 17:24:30,Bineth Shalika
52288117000,https://live.staticflickr.com/65535/52288117000_1d19871486_c.jpg,srilanka,2022-08-15 07:27:27,Nazly
52284625239,https://live.staticflickr.com/65535/52284625239_3fe3bff03b_c.jpg,srilanka,2017-12-07 04:41:39,vision.ing
52282917207,https://live.staticflickr.com/65535/52282917207_3982ed4004_c.jpg,srilanka,2022-01-22 07:43:22,nisalmasitha24
52281921068,https://live.staticflickr.com/65535/52281921068_05e099e38a_c.jpg,srilanka,2022-01-22 09:09:47,nisalmasitha24
52281883046,https://live.staticflickr.com/65535/52281883046_6df08a0584_c.jpg,srilanka,2022-01-22 09:13:43,nisalmasitha24
52277934352,https://live.staticflickr.com/65535/52277934352_60cc2bc54f_c.jpg,srilanka,2021-06-28 17:42:45,Bineth Shalika
52278012851,https://live.staticflickr.com/65535/52278012851_02d40606c4_c.jpg,srilanka,2022-08-07 17:50:17,kanchanalahiru348
52276741678,https://live.staticflickr.com/65535/52276741678_086e9126c8_c.jpg,srilanka,2022-05-11 10:04:28,Bineth Shalika
52274493027,https://live.staticflickr.com/65535/52274493027_d3f731381a_c.jpg,srilanka,2022-08-09 17:58:04,Arte Peregrina
52274763100,https://live.staticflickr.com/65535/52274763100_6a5f7fbfa7_c.jpg,srilanka,2017-08-05 20:03:31,Thilina Fernando Photography
52274272941,https://live.staticflickr.com/65535/52274272941_61e7e0848e_c.jpg,srilanka,2017-08-06 20:50:13,Thilina Fernando Photography
52273299877,https://live.staticflickr.com/65535/52273299877_a3c2312496_c.jpg,srilanka,2017-08-06 21:07:52,Thilina Fernando Photography
52273185707,https://live.staticflickr.com/65535/52273185707_b75374b789_c.jpg,srilanka,2020-05-23 18:07:44,Denish C
52272656267,https://live.staticflickr.com/65535/52272656267_f2aba58a63_c.jpg,srilanka,2022-08-08 07:54:19,Nazly
52272655562,https://live.staticflickr.com/65535/52272655562_a962c8b737_c.jpg,srilanka,2022-08-08 07:54:33,Nazly
52274116400,https://live.staticflickr.com/65535/52274116400_919f8ebc2c_c.jpg,srilanka,2022-08-08 07:56:49,Nazly
52270890626,https://live.staticflickr.com/65535/52270890626_9c41d28756_c.jpg,srilanka,2020-05-23 18:49:43,Denish C
52268284897,https://live.staticflickr.com/65535/52268284897_59212bbd16_c.jpg,srilanka,2021-12-19 08:28:30,Bineth Shalika
52267363997,https://live.staticflickr.com/65535/52267363997_17b165f8f3_c.jpg,srilanka,2020-05-12 09:34:24,Denish C
52268298255,https://live.staticflickr.com/65535/52268298255_4c718c3b96_c.jpg,srilanka,2022-08-07 02:26:54,Visit Zeloan
52268080164,https://live.staticflickr.com/65535/52268080164_1b42af7de1_c.jpg,srilanka,2022-08-07 02:26:51,Visit Zeloan
52267825488,https://live.staticflickr.com/65535/52267825488_15279be156_c.jpg,srilanka,2022-08-07 02:26:48,Visit Zeloan
52267825408,https://live.staticflickr.com/65535/52267825408_3f3d7f4001_c.jpg,srilanka,2022-08-07 02:26:46,Visit Zeloan
52266958869,https://live.staticflickr.com/65535/52266958869_acc42431eb_c.jpg,srilanka,2021-09-11 08:44:05,Bineth Shalika
52266761824,https://live.staticflickr.com/65535/52266761824_5ba35baf8b_c.jpg,srilanka,2022-07-31 14:21:09,Uncle Monkey UK
52266984220,https://live.staticflickr.com/65535/52266984220_c6dff9d148_c.jpg,srilanka,2022-07-31 14:27:18,Uncle Monkey UK
52266496346,https://live.staticflickr.com/65535/52266496346_cefc5caa6c_c.jpg,srilanka,2022-07-31 14:27:58,Uncle Monkey UK
52266512413,https://live.staticflickr.com/65535/52266512413_d74239a89e_c.jpg,srilanka,2022-07-31 14:31:46,Uncle Monkey UK
52266760349,https://live.staticflickr.com/65535/52266760349_1721b78516_c.jpg,srilanka,2022-07-31 16:21:04,Uncle Monkey UK
52266982785,https://live.staticflickr.com/65535/52266982785_1ceb2de411_c.jpg,srilanka,2022-07-31 16:21:18,Uncle Monkey UK
52266982735,https://live.staticflickr.com/65535/52266982735_7a1671f660_c.jpg,srilanka,2022-07-31 16:21:31,Uncle Monkey UK
52266510818,https://live.staticflickr.com/65535/52266510818_0e48ca8b4f_c.jpg,srilanka,2022-07-31 16:21:43,Uncle Monkey UK
52266494616,https://live.staticflickr.com/65535/52266494616_63b2e9355e_c.jpg,srilanka,2022-07-31 16:21:48,Uncle Monkey UK
52288210255,https://live.staticflickr.com/65535/52288210255_cd38a998a6_c.jpg,srilanka,2022-08-15 09:05:17,Nazly
52281008878,https://live.staticflickr.com/65535/52281008878_14dcbdf532_c.jpg,srilanka,2022-06-22 06:10:56,Primal Madusanka
52272524255,https://live.staticflickr.com/65535/52272524255_ea73110f05_c.jpg,srilanka,2022-06-22 09:22:47,Primal Madusanka
52267814306,https://live.staticflickr.com/65535/52267814306_3763d8a694_c.jpg,srilanka,2022-08-07 02:26:42,Visit Zeloan
52266982350,https://live.staticflickr.com/65535/52266982350_d57936bb3a_c.jpg,srilanka,2022-07-31 16:22:28,Uncle Monkey UK
52265526972,https://live.staticflickr.com/65535/52265526972_a3bde5a685_c.jpg,srilanka,2022-07-31 16:22:36,Uncle Monkey UK
52266982260,https://live.staticflickr.com/65535/52266982260_26523e5a84_c.jpg,srilanka,2022-07-31 16:22:42,Uncle Monkey UK
52266982205,https://live.staticflickr.com/65535/52266982205_705e7f3ced_c.jpg,srilanka,2022-07-31 16:23:02,Uncle Monkey UK
52266759634,https://live.staticflickr.com/65535/52266759634_efcab6b875_c.jpg,srilanka,2022-07-31 16:23:08,Uncle Monkey UK
52266510148,https://live.staticflickr.com/65535/52266510148_cfd1ee84de_c.jpg,srilanka,2022-07-31 16:23:39,Uncle Monkey UK
52266759494,https://live.staticflickr.com/65535/52266759494_f8c83a5c22_c.jpg,srilanka,2022-07-31 16:23:43,Uncle Monkey UK
52266510038,https://live.staticflickr.com/65535/52266510038_d882443d21_c.jpg,srilanka,2022-07-31 16:24:11,Uncle Monkey UK
52265526482,https://live.staticflickr.com/65535/52265526482_302ed50201_c.jpg,srilanka,2022-07-31 16:24:22,Uncle Monkey UK
52266493816,https://live.staticflickr.com/65535/52266493816_400bb9eaed_c.jpg,srilanka,2022-07-31 16:24:36,Uncle Monkey UK
52266509838,https://live.staticflickr.com/65535/52266509838_632d5f3381_c.jpg,srilanka,2022-07-31 14:22:20,Uncle Monkey UK
52266759139,https://live.staticflickr.com/65535/52266759139_24fb60f93c_c.jpg,srilanka,2022-07-31 14:23:17,Uncle Monkey UK
52266759089,https://live.staticflickr.com/65535/52266759089_5a68c4e1a8_c.jpg,srilanka,2022-07-31 14:23:32,Uncle Monkey UK
52265526097,https://live.staticflickr.com/65535/52265526097_27d0c7a5c2_c.jpg,srilanka,2022-07-31 14:24:41,Uncle Monkey UK
52266758994,https://live.staticflickr.com/65535/52266758994_42614fba8b_c.jpg,srilanka,2022-07-31 14:24:47,Uncle Monkey UK
52266509568,https://live.staticflickr.com/65535/52266509568_fe72ce847b_c.jpg,srilanka,2022-07-31 14:27:51,Uncle Monkey UK
52266509468,https://live.staticflickr.com/65535/52266509468_56ecc5019d_c.jpg,srilanka,2022-07-31 14:39:36,Uncle Monkey UK
52266758769,https://live.staticflickr.com/65535/52266758769_051cb62f43_c.jpg,srilanka,2022-07-31 14:39:42,Uncle Monkey UK
52265525722,https://live.staticflickr.com/65535/52265525722_b0f657331e_c.jpg,srilanka,2022-07-31 14:39:47,Uncle Monkey UK
52266980435,https://live.staticflickr.com/65535/52266980435_99b7987818_c.jpg,srilanka,2022-07-31 16:21:00,Uncle Monkey UK
52266980395,https://live.staticflickr.com/65535/52266980395_183f69fb40_c.jpg,srilanka,2022-07-31 14:22:15,Uncle Monkey UK
52266980330,https://live.staticflickr.com/65535/52266980330_3a0c9c2050_c.jpg,srilanka,2022-07-31 14:22:08,Uncle Monkey UK
52266508083,https://live.staticflickr.com/65535/52266508083_e9248fc74a_c.jpg,srilanka,2022-07-31 14:22:04,Uncle Monkey UK
52266656015,https://live.staticflickr.com/65535/52266656015_03dae62c46_c.jpg,srilanka,2020-05-02 08:53:30,Denish C
52265565246,No_url,srilanka,2022-08-06 01:07:54,Visit Zeloan
52264597627,https://live.staticflickr.com/65535/52264597627_82657cd9ac_c.jpg,srilanka,2022-08-06 01:07:50,Visit Zeloan
52265564216,https://live.staticflickr.com/65535/52265564216_133aa0d3a0_c.jpg,srilanka,2022-08-06 01:07:28,Visit Zeloan
52265577383,https://live.staticflickr.com/65535/52265577383_a9c4a33b43_c.jpg,srilanka,2022-08-06 01:07:03,Visit Zeloan
52264012143,https://live.staticflickr.com/65535/52264012143_7476490082_c.jpg,srilanka,2022-08-05 07:58:06,Visit Zeloan
52264482130,https://live.staticflickr.com/65535/52264482130_ff26b39fde_c.jpg,srilanka,2022-08-05 07:58:03,Visit Zeloan
52264267769,https://live.staticflickr.com/65535/52264267769_a71ebf7151_c.jpg,srilanka,2022-08-05 07:57:58,Visit Zeloan
52264011838,No_url,srilanka,2022-08-05 07:57:51,Visit Zeloan
52264011778,https://live.staticflickr.com/65535/52264011778_79814880ed_c.jpg,srilanka,2022-08-05 07:57:47,Visit Zeloan
52262950954,https://live.staticflickr.com/65535/52262950954_fdfbb93c6a_c.jpg,srilanka,2021-09-11 08:38:55,Bineth Shalika
52261764051,https://live.staticflickr.com/65535/52261764051_a36b404bdf_c.jpg,srilanka,2022-02-14 01:43:00,Koku85 (Thanks for 4M views)
52260740111,No_url,srilanka,2022-08-03 00:00:00,Flood_List
52260839684,https://live.staticflickr.com/65535/52260839684_538824701b_c.jpg,srilanka,2022-07-29 20:03:59,Sheshan Denuka
52260970950,https://live.staticflickr.com/65535/52260970950_474a8ea1ea_c.jpg,srilanka,2022-08-03 18:51:53,Visit Zeloan
52260485786,No_url,srilanka,2022-08-03 18:51:46,Visit Zeloan
52259516007,https://live.staticflickr.com/65535/52259516007_5ef0113ff9_c.jpg,srilanka,2022-08-03 18:51:42,Visit Zeloan
52260504378,https://live.staticflickr.com/65535/52260504378_8e83c94b6f_c.jpg,srilanka,2022-08-03 18:51:36,Visit Zeloan
52259514892,https://live.staticflickr.com/65535/52259514892_12a77d1140_c.jpg,srilanka,2022-08-03 18:51:03,Visit Zeloan
52259711661,https://live.staticflickr.com/65535/52259711661_fae26d5ee9_c.jpg,srilanka,2020-05-02 08:52:51,Denish C
52257704367,https://live.staticflickr.com/65535/52257704367_a5274fec5d_c.jpg,srilanka,2021-09-26 07:14:59,Bineth Shalika
52256144583,https://live.staticflickr.com/65535/52256144583_9e03664aef_c.jpg,srilanka,2022-07-29 11:09:37,Uncle Monkey UK
52256616825,https://live.staticflickr.com/65535/52256616825_f46ae553c1_c.jpg,srilanka,2022-07-29 11:09:44,Uncle Monkey UK
52256144283,https://live.staticflickr.com/65535/52256144283_b155a19e13_c.jpg,srilanka,2022-07-29 11:09:57,Uncle Monkey UK
52255155237,https://live.staticflickr.com/65535/52255155237_acd6425f01_c.jpg,srilanka,2022-07-29 11:10:12,Uncle Monkey UK
52256389654,https://live.staticflickr.com/65535/52256389654_23be87435f_c.jpg,srilanka,2022-07-29 11:10:49,Uncle Monkey UK
52256601055,https://live.staticflickr.com/65535/52256601055_a58dc1b709_c.jpg,srilanka,2022-07-29 11:11:00,Uncle Monkey UK
52256127678,https://live.staticflickr.com/65535/52256127678_4d9d163005_c.jpg,srilanka,2022-07-29 11:12:07,Uncle Monkey UK
52256600410,https://live.staticflickr.com/65535/52256600410_b6aa323b9e_c.jpg,srilanka,2022-07-29 11:12:53,Uncle Monkey UK
52256600315,https://live.staticflickr.com/65535/52256600315_9b1d0efcd5_c.jpg,srilanka,2022-07-29 11:13:06,Uncle Monkey UK
52256600205,https://live.staticflickr.com/65535/52256600205_a6264439d4_c.jpg,srilanka,2022-07-29 11:13:11,Uncle Monkey UK
52256388449,https://live.staticflickr.com/65535/52256388449_7b0286990d_c.jpg,srilanka,2022-07-29 11:13:24,Uncle Monkey UK
52255138562,https://live.staticflickr.com/65535/52255138562_cb7d42bb24_c.jpg,srilanka,2022-07-29 11:13:32,Uncle Monkey UK
52255138427,https://live.staticflickr.com/65535/52255138427_e9a1b7f9d0_c.jpg,srilanka,2022-07-29 11:16:09,Uncle Monkey UK
52256126673,https://live.staticflickr.com/65535/52256126673_6030627816_c.jpg,srilanka,2022-07-29 11:16:20,Uncle Monkey UK
52256126568,https://live.staticflickr.com/65535/52256126568_6c0449852c_c.jpg,srilanka,2022-07-29 11:17:53,Uncle Monkey UK
52256126418,https://live.staticflickr.com/65535/52256126418_7270d5bda3_c.jpg,srilanka,2022-07-29 11:20:25,Uncle Monkey UK
52256126273,https://live.staticflickr.com/65535/52256126273_ff3797b77e_c.jpg,srilanka,2022-07-29 11:20:33,Uncle Monkey UK
52256387279,https://live.staticflickr.com/65535/52256387279_2901c18106_c.jpg,srilanka,2022-07-29 11:25:58,Uncle Monkey UK
52256102306,https://live.staticflickr.com/65535/52256102306_bf8a3e328b_c.jpg,srilanka,2022-07-29 11:27:09,Uncle Monkey UK
52256598720,https://live.staticflickr.com/65535/52256598720_8f8bd958e5_c.jpg,srilanka,2022-07-29 11:27:36,Uncle Monkey UK
52256102046,https://live.staticflickr.com/65535/52256102046_5c8d443da9_c.jpg,srilanka,2022-07-29 11:24:41,Uncle Monkey UK
52256598490,https://live.staticflickr.com/65535/52256598490_4b1efa837f_c.jpg,srilanka,2022-07-29 11:20:59,Uncle Monkey UK
52255136942,https://live.staticflickr.com/65535/52255136942_e7eedd2ac7_c.jpg,srilanka,2022-07-29 11:21:51,Uncle Monkey UK
52256101646,https://live.staticflickr.com/65535/52256101646_ec202bec53_c.jpg,srilanka,2022-07-29 11:23:06,Uncle Monkey UK
52256386454,https://live.staticflickr.com/65535/52256386454_ea79de9bc9_c.jpg,srilanka,2022-07-29 11:24:05,Uncle Monkey UK
52255068837,https://live.staticflickr.com/65535/52255068837_4d01cd0d3e_c.jpg,srilanka,2021-11-27 15:50:52,Bineth Shalika
52254805582,https://live.staticflickr.com/65535/52254805582_50f1e62181_c.jpg,srilanka,2022-07-29 09:39:28,Uncle Monkey UK
52256269880,https://live.staticflickr.com/65535/52256269880_31df5a115c_c.jpg,srilanka,2022-07-29 09:40:50,Uncle Monkey UK
52255771916,https://live.staticflickr.com/65535/52255771916_e96f685c71_c.jpg,srilanka,2022-07-29 09:41:34,Uncle Monkey UK
52255794723,https://live.staticflickr.com/65535/52255794723_90329edaec_c.jpg,srilanka,2022-07-29 09:41:39,Uncle Monkey UK
52256269470,https://live.staticflickr.com/65535/52256269470_aa8cce5a60_c.jpg,srilanka,2022-07-29 09:41:53,Uncle Monkey UK
52255771426,https://live.staticflickr.com/65535/52255771426_3257bab05a_c.jpg,srilanka,2022-07-29 09:42:00,Uncle Monkey UK
52256051124,https://live.staticflickr.com/65535/52256051124_4ceb619312_c.jpg,srilanka,2022-07-29 09:42:08,Uncle Monkey UK
52255791048,https://live.staticflickr.com/65535/52255791048_ec9e748ac9_c.jpg,srilanka,2022-07-29 09:42:15,Uncle Monkey UK
52255790918,https://live.staticflickr.com/65535/52255790918_1296804405_c.jpg,srilanka,2022-07-29 09:42:23,Uncle Monkey UK
52255767711,https://live.staticflickr.com/65535/52255767711_589276cf80_c.jpg,srilanka,2022-07-29 09:42:57,Uncle Monkey UK
52255790678,https://live.staticflickr.com/65535/52255790678_735240d69c_c.jpg,srilanka,2022-07-29 09:43:06,Uncle Monkey UK
52256265630,https://live.staticflickr.com/65535/52256265630_375a21acfa_c.jpg,srilanka,2022-07-29 09:43:15,Uncle Monkey UK
52254800922,https://live.staticflickr.com/65535/52254800922_36f542ae83_c.jpg,srilanka,2022-07-29 09:43:20,Uncle Monkey UK
52254800827,https://live.staticflickr.com/65535/52254800827_fc4e22a13e_c.jpg,srilanka,2022-07-29 09:43:38,Uncle Monkey UK
52256265175,https://live.staticflickr.com/65535/52256265175_500448162a_c.jpg,srilanka,2022-07-29 09:44:05,Uncle Monkey UK
52256261905,https://live.staticflickr.com/65535/52256261905_96b3c43904_c.jpg,srilanka,2022-07-29 09:45:04,Uncle Monkey UK
52256261775,https://live.staticflickr.com/65535/52256261775_b06b703a38_c.jpg,srilanka,2022-07-29 09:45:22,Uncle Monkey UK
52255786628,https://live.staticflickr.com/65535/52255786628_27248ba9b2_c.jpg,srilanka,2022-07-29 09:46:00,Uncle Monkey UK
52255786518,https://live.staticflickr.com/65535/52255786518_3a28e908a0_c.jpg,srilanka,2022-07-29 09:46:48,Uncle Monkey UK
52255763306,https://live.staticflickr.com/65535/52255763306_3802b469a7_c.jpg,srilanka,2022-07-29 09:53:48,Uncle Monkey UK
52255786208,https://live.staticflickr.com/65535/52255786208_9b52238646_c.jpg,srilanka,2022-07-29 09:56:30,Uncle Monkey UK
52256261120,https://live.staticflickr.com/65535/52256261120_325eb03f55_c.jpg,srilanka,2022-07-29 09:59:14,Uncle Monkey UK
52255785998,https://live.staticflickr.com/65535/52255785998_2a06410099_c.jpg,srilanka,2022-07-29 09:47:53,Uncle Monkey UK
52256260940,https://live.staticflickr.com/65535/52256260940_4a302b3109_c.jpg,srilanka,2022-07-29 09:48:33,Uncle Monkey UK
52255785713,https://live.staticflickr.com/65535/52255785713_c02ef97259_c.jpg,srilanka,2022-07-29 09:52:38,Uncle Monkey UK
52087444498,https://live.staticflickr.com/31337/52087444498_a47402571c_c.jpg,srilanka,2022-05-20 20:56:20,Glenn Losack M.D.
49727745503,https://live.staticflickr.com/65535/49727745503_bfe46e5f54_c.jpg,srilanka,2020-02-23 08:17:19,Frans.Sellies
52255786683,https://live.staticflickr.com/65535/52255786683_3936f275bc_c.jpg,srilanka,2022-07-29 09:45:44,Uncle Monkey UK
